{"episode_rewards": -670.6706779912179, "agent_rewards": [-223.5568926637393, -223.5568926637393, -223.5568926637393], "_timestamp": 1702385252.9071562, "_runtime": 64.33657312393188, "_step": 253, "critic_loss": 0.4617989957332611, "actor_loss": 0.5619648098945618, "reward_loss": 2.552988052368164, "_wandb": {"runtime": 62}}