{"critic_loss": 0.8865975141525269, "actor_loss": 0.47211891412734985, "reward_loss": 0.38043877482414246, "_timestamp": 1702446943.51016, "_runtime": 4019.75141787529, "_step": 13224, "mean_episode_rewards": -401.7859108184032}