{"critic_loss": 6.522014617919922, "actor_loss": 0.5706576704978943, "reward_loss": 1.8830294609069824, "_timestamp": 1702446942.946994, "_runtime": 3750.2716200351715, "_step": 4921, "mean_episode_rewards": -2376.2484686971175}