{"critic_loss": 0.14727824926376343, "actor_loss": 0.5076910853385925, "reward_loss": 0.3006282448768616, "_timestamp": 1702446943.3442426, "_runtime": 3731.3288526535034, "_step": 7964, "mean_episode_rewards": -597.43669558545}